"Item ID","Category","Item Name","Price (₹)","In Stock","Diet","Tags","Description"
"egg-roll","rolls","Egg Roll","50","TRUE","Egg","Crispy, Egg Special","Crisp flaky layered paratha wrapped with golden fluffy spiced egg omelette and tangy lime onions."
"veg-gobi-roll","rolls","Veg Gobi Roll","50","TRUE","Veg","100% Veg, Crispy Gobi","Crispy spiced cauliflower florets, fresh mint chutney & crunchy sliced red onions wrapped in warm layered paratha."
"egg-gobi-roll","rolls","Egg Gobi Roll","60","TRUE","Egg","Egg + Gobi, Street Style","Loaded egg layer filled with crunchy spiced roasted gobi, green chutney, lime juice and chaat masala."
"veg-paneer-roll","rolls","Veg Paneer Roll","80","TRUE","Veg","100% Veg, Tandoori Paneer","Soft paneer cubes simmered in aromatic tandoori marinade wrapped in soft handmade flaky paratha."
"egg-paneer-roll","rolls","Egg Paneer Roll","90","TRUE","Egg","Egg + Paneer, Rich Protein","Double delight: fluffy egg crepe combined with succulent spiced cottage cheese and charred bell peppers."
"egg-chicken-roll","rolls","Egg Chicken Roll","80","TRUE","Non-Veg","Bestseller, Fire Sizzled","Tender spiced shredded chicken tossed with roasted onions, special green chutney, wrapped in fresh layered paratha with a golden pan-fried egg."
"egg-double-chicken-roll","rolls","Egg Double Chicken Roll","100","TRUE","Non-Veg","Chef Special, Double Loaded","Heavy loaded charred chicken chunks, double fluffy egg layer, special spices, and mint garlic sauce."
"mini-box-chicken","fried-chicken","Mini Box (6 Pcs)","260","TRUE","Non-Veg","6 Pcs, Crispy Fried, Popular","6 pieces of crunchy, golden bone-in fried chicken seasoned with our signature savory spice rub."
"medium-bucket-chicken","fried-chicken","Medium Bucket Chicken","490","TRUE","Non-Veg","Sharing Bucket, Crispy Fried","Crunchy golden fried chicken bucket loaded with juicy, tender chicken pieces. Perfect for sharing!"
"large-bucket-chicken","fried-chicken","Large Bucket Chicken","700","TRUE","Non-Veg","Family Feast, Chef Special","Giant party feast bucket packed with hot, sizzling and extra crunchy bone-in fried chicken."
"hot-crispy-leg-piece","fried-chicken","Hot Crispy Leg Piece (2 Pcs)","120","TRUE","Non-Veg","2 Pcs Drumsticks, Hot & Crispy","Two prime juicy chicken drumsticks coated in fiery crispy batter and fried golden."
"apple-chicken","fried-chicken","Apple Chicken","80","TRUE","Non-Veg","Specialty, Juicy Cuts","Crispy lollipop-style chicken drummettes seasoned with Indo-Chinese spices and served piping hot."
"hot-wings","fried-chicken","Hot Wings (6 Pcs)","130","TRUE","Non-Veg","Spicy 🔥, 6 Pcs Wings","6 crispy deep-fried chicken wings coated with zesty red chili seasoning and black pepper glaze."
"popcorn-chicken","fried-chicken","Pop Corn","120","TRUE","Non-Veg","Boneless, Crunchy Pops","Bite-sized boneless crunchy tender chicken pops served with creamy mayo dip."
"chicken-strips","fried-chicken","Chicken Strips","70","TRUE","Non-Veg","Boneless, Crispy Tenders","100% tender boneless chicken breast fillets breaded in golden crumbs and fried to perfection."
"combo-2pcs-chicken","combos","2 Pcs Hot & Crispy Chicken Combo","170","TRUE","Non-Veg","Value Meal, Fries + Pepsi 🥤","2 Pcs Hot & Crispy Chicken served with golden salted French Fries and chilled 200ml Pepsi bottle."
"combo-crispy-wrap","combos","Crispy Chicken Wrap Combo","170","TRUE","Non-Veg","Wrap Combo, Fries + Pepsi 🥤","Golden Crispy Chicken Wrap packed with veggies & mayo, bundled with French Fries and 200ml Pepsi."
"combo-3-apple-chicken","combos","3 Apple Chicken Combo","170","TRUE","Non-Veg","Apple Chicken, Fries + Pepsi 🥤","3 Pcs of crispy spiced Apple Chicken drummettes served alongside French Fries and 200ml chilled Pepsi."
"hot-crispy-chicken-burger","burgers","Hot & Crispy Chicken Burger","89","TRUE","Non-Veg","Bestseller, Crispy Fillet","Thick crunchy fried chicken fillet with crisp iceberg lettuce, creamy burger mayo in toasted sesame buns."
"mega-king-burger","burgers","Mega King Burger","120","TRUE","Non-Veg","Chef Special, Double Loaded","Double-decker chicken patty tower loaded with melted cheese slice, tangy burger glaze and fresh salad."
"malaysian-egg-wrapper-burger","burgers","Malaysian Egg Wrapper Burger","140","TRUE","Egg","Street Special, Egg Wrapped","Authentic Malaysian Ramly style burger: spiced chicken patty encased in a savory folded egg wrap with pepper sauce."
"veg-burger","burgers","Veg Burger","70","TRUE","Veg","100% Veg, Crispy Patty","Crispy golden potato & veggie patty topped with ripe tomatoes, crunchy lettuce and herb mayonnaise."
"egg-burger","burgers","Egg Burger","70","TRUE","Egg","Egg Special, Juicy","Spiced golden pan-fried egg patty topped with sliced onions, greens and tangy burger dressing."
"veg-pizza","pizza-veg","Veg Pizza","179","TRUE","Veg","100% Veg, Fresh Crust","Hand-stretched pizza base topped with marinara sauce, crisp bell peppers, onions, tomatoes and melted mozzarella."
"golden-corn-pizza","pizza-veg","Golden Corn Pizza","210","TRUE","Veg","Sweet Corn, Cheesy","Sweet American golden corn kernels layered generously over rich molten mozzarella and Italian seasoning."
"veggie-mushroom-pizza","pizza-veg","Veggie Mushroom Pizza","210","TRUE","Veg","100% Veg, Button Mushroom","Sautéed fresh button mushrooms, caramelized red onions, aromatic herbs and strings of mozzarella."
"onion-capsicum-pizza","pizza-veg","Onion Capsicum Pizza","210","TRUE","Veg","100% Veg, Crunchy","Classic combination of crunchy green capsicum, sliced red onions, herbed tomato sauce and mozzarella cheese."
"cheese-pizza","pizza-veg","Cheese Pizza","250","TRUE","Veg","Extra Cheesy, Bestseller","Loaded double layers of stringy, gooey mozzarella and cheddar cheese over rich Italian tomato sauce."
"periperi-spicy-pizza","pizza-veg","Peri Peri Spicy Pizza","210","TRUE","Veg","Spicy 🔥, Peri Peri","Fiery African peri-peri seasoned garden vegetables, red paprika, sliced jalapeños and spicy mozzarella."
"chicken-pizza","pizza-nonveg","Chicken Pizza","230","TRUE","Non-Veg","Bestseller, Juicy Chicken","Succulent herb-spiced chicken chunks, bell peppers, diced onions and bubbling melted mozzarella cheese."
"peri-peri-chicken-pizza","pizza-nonveg","Peri Peri Chicken Pizza","240","TRUE","Non-Veg","Spicy 🔥, Peri Peri","Fiery peri-peri marinated chicken tikka pieces, hot jalapeños, chili flakes and molten mozzarella."
"chicken-margarita-pizza","pizza-nonveg","Chicken Margarita Pizza","240","TRUE","Non-Veg","Classic Basil, Italian Style","Juicy roasted chicken on classic Italian tomato basil sauce, olive oil glaze and fresh melted mozzarella."
"chicken-salami-pizza","pizza-nonveg","Chicken Salami Pizza","280","TRUE","Non-Veg","Chef Special, Smoked Salami","Premium sliced smoked chicken salami rounds, aromatic dried oregano, garlic oil and rich mozzarella."
"chicken-sausage-pizza","pizza-nonveg","Chicken Sausage Pizza","240","TRUE","Non-Veg","Chicken Sausage, Loaded","Juicy sliced chicken frankfurter sausages, sautéed onions, green peppers and golden melted cheese."
"french-fries","fries","French Fries","70","TRUE","Veg","Crispy, Classic","Crispy golden potato fingers tossed in sea salt, served hot with tangy tomato ketchup."
"peri-peri-fries","fries","Peri Peri Fries","90","TRUE","Veg","Spicy 🔥, Peri Peri","Golden crispy french fries shaken in spicy peri-peri masala dust. Hot, tangy & addictive!"
"cheese-fries","fries","Cheese Fries","100","TRUE","Veg","Loaded Cheese, Cheesy Melt","Hot crispy fries drenched under thick, warm creamy melted yellow cheddar cheese sauce."
"egg-fried-rice","fried-rice","Egg Fried Rice","50","TRUE","Egg","Wok Tossed","Wok-tossed basmati rice with scrambled egg, roasted garlic and fresh spring onions."
"gobi-fried-rice","fried-rice","Gobi Fried Rice","60","TRUE","Veg","100% Veg","Crispy wok cauliflower florets with aromatic garlic fried rice and spicy pepper seasoning."
"paneer-fried-rice","fried-rice","Paneer Fried Rice","70","TRUE","Veg","100% Veg, Fresh Paneer","Golden paneer cubes tossed with crunchy bell peppers, garlic soy glaze, and fragrant basmati rice."
"chicken-fried-rice","fried-rice","Chicken Fried Rice","70","TRUE","Non-Veg","Bestseller, High Flame Wok","Aromatic basmati rice tossed in high-flame wok with tender chicken cubes, egg scramble & spring onions."
"egg-noodles","noodles","Egg Noodles","50","TRUE","Egg","Street Style","Classic street-style wok noodles tossed with spiced egg ribbons, shredded cabbage & carrots."
"gobi-noodles","noodles","Gobi Noodles","50","TRUE","Veg","100% Veg","Tangy street noodles packed with crunchy spiced cauliflower florets, chili garlic & soy sauce."
"paneer-noodles","noodles","Paneer Noodles","60","TRUE","Veg","100% Veg, Soft Paneer","Soft paneer slivers stir-fried with rich garlic, soy glaze, spring onions & chili coated noodles."
"chicken-schezwan-noodles","noodles","Chicken Schezwan Noodles","70","TRUE","Non-Veg","Spicy Schezwan 🔥, Bestseller","Fiery red schezwan sauce wok noodles loaded with succulent chicken cubes, garlic, and fresh greens."
"veg-fried-momos","momos","Veg Fried Momos","80","TRUE","Veg","100% Veg, Crispy Fried","Golden crispy deep-fried dumplings stuffed with finely minced vegetables, served with fiery red chutney & mayo dip."
"chicken-fried-momos","momos","Chicken Fried Momos","100","TRUE","Non-Veg","Juicy Chicken, Crispy Fried","Golden crispy deep-fried dumplings stuffed with juicy seasoned chicken mince, served with fiery red chutney & mayo dip."
"chilli-chicken","starters","Chilli Chicken","120","TRUE","Non-Veg","Chef Special 👨‍🍳, Spicy 🔥","Crispy fried chicken chunks tossed in spicy dark soy, fresh green chilies, capsicum, and spring onions."
"chicken-pakoda","starters","Chicken Pakoda","100","TRUE","Non-Veg","Street Style Fritters, Hot & Crispy","Crispy, gram-flour coated street style spicy chicken fritters served piping hot with sliced onions & lemon."